{
  "vessels": [
    {
      "name": "Ship_1",
      "x": 1317.8142421091454,
      "y": -4509.526894291773,
      "course_deg": 349.76847073460937,
      "speed_ms": 2.5000000000000107,
      "rudder_deg": 0,
      "rpm_percent": 50
    },
    {
      "name": "Ship_2",
      "x": -102.62119446599687,
      "y": 19012.66230836359,
      "course_deg": 349.20000000000033,
      "speed_ms": 2.4999999999999893,
      "rudder_deg": 0,
      "rpm_percent": 50
    },
    {
      "name": "Ship_3",
      "x": 3999.249504098678,
      "y": 17022.797543545807,
      "course_deg": 350.114285714286,
      "speed_ms": 2.4999999999999893,
      "rudder_deg": 0,
      "rpm_percent": 50
    }
  ]
}